Source,Reference,"Object Mass, Original","Object Mass, B15",Object Radius,Object Distance,Ha Line Flux,Hb Line Flux,Hg Line Flux,PaB Line Flux,PaG Line Flux,BrG Line Flux,He I 587.6 Line Flux,He I 667.8 Line Flux,Ca II K Line Flux,Ca II H Line Flux,PaB Line Luminosity,Ha Accr Rate,Hb Accr Rate,Hg Accr Rate,PaB Accr Rate,PaG Accr Rate,BrG Accr Rate,He I 587.6 Accr Rate,He I 667.8 Accr Rate,Ca II K Accr Rate,Ca II H Accr Rate,Avg Accr Rate,Old Accr Rate,Upper Limit
2MASS J16085953-3856275,Alcala 2017,0.0200000,,0.47,140,,,,,,,,,,,,,,,,,,,,,,,2.51E-11,Barraffe 15
2MASS J15414081-3345188,Alcala 2017,0.0700000,,0.4,140,2.05E-15,6.65E-16,3.87E-16,2.50E-16,9.60E-17,1.58E-16,6.52E-17,2.76E-17,2.46E-16,2.26E-16,,,,,,,,,,,,,6.31E-12,Barraffe 15
2MASS J16083733-3923109,Alcala 2017,0.0500000,,0.22,140,,,,,,,,,,,,,,,,,,,,,,,2.51E-12,Barraffe 15
ISO-Oph 033,Comeron 2010,0.0286290,,,140,,,,,,,,,,,,,,,,,,,,,,,9.50E-10,
ISO-Oph 023,Gatti 2006,0.0400000,,0.95,140,,,,4.35E-16,,9.54E-16,,,,,,,,,,,,,,,,,2.04E-10,
2MASS J16262152-2426009,Gatti 2006,0.0600000,,1.21,140,,,,,,,,,,,,,,,,,,,,,,,2.88E-10,upper limit
ISO-Oph 033,Gatti 2006,0.0150000,,0.58,140,,,,,,,,,,,,,,,,,,,,,,,1.48E-11,upper limit
2MASS J16270659-2441488,Gatti 2006,0.0600000,,1.30,140,,,,4.68E-15,,3.81E-15,,,,,,,,,,,,,,,,,6.76E-10,
ISO-Oph 160,Gatti 2006,0.0500000,,0.92,140,,,,8.26E-16,,1.64E-15,,,,,,,,,,,,,,,,,2.24E-10,
2MASS J16273863-2438391,Gatti 2006,0.0600000,,1.37,140,,,,,,,,,,,,,,,,,,,,,,,4.07E-10,upper limit
2MASS J16281271-2411355,Gatti 2006,0.0600000,,,140,,,,1.92E-15,,3.00E-15,,,,,,,,,,,,,,,,,1.32E-09,
2MASS J04141188+2811535,Herczeg 2008,0.0650000,,0.46,140,1.50E-13,2.50E-14,1.30E-14,,,,2.30E-15,1.10E-15,1.90E-14,2.30E-14,,,,,,,,,,,,,9.00E-10,
2MASS J04390396+2544264,Herczeg 2008,0.0500000,,0.51,140,1.70E-14,1.20E-15,5.40E-16,,,,2.80E-16,1.30E-16,1.30E-16,3.70E-16,,,,,,,,,,,,,6.90E-12,
2MASS J04414825+2534304,Herczeg 2008,0.0350000,,0.25,140,1.70E-14,1.60E-15,8.50E-16,,,,4.10E-16,2.10E-16,2.10E-16,6.20E-16,,,,,,,,,,,,,1.90E-11,
2MASS J04442713+2512164,Herczeg 2008,0.0500000,,0.45,140,1.70E-14,3.40E-15,1.50E-15,,,,5.40E-16,1.40E-16,5.30E-16,3.70E-16,,,,,,,,,,,,,9.20E-12,
2MASS J12073346-3932539,Herczeg 2008,0.0240000,,0.24,140,3.70E-14,5.30E-15,2.70E-15,,,,7.40E-17,2.10E-16,2.40E-16,1.78E-15,,,,,,,,,,,,,2.30E-12,
2MASS J12073346-3932539,Herczeg 2008,0.0240000,,0.24,140,1.21E-14,1.90E-15,1.19E-15,,,,4.00E-17,1.70E-16,1.20E-16,7.10E-16,,,,,,,,,,,,,1.70E-12,
2MASS J12073346-3932539,Herczeg 2009,0.0350000,,0.21,140,9.33E-15,3.02E-15,2.09E-15,,,,5.50E-16,2.45E-16,2.29E-16,,,,,,,,,,,,,,1.26E-12,
DENIS J160603.9-205644,Herczeg 2009,0.0500000,,0.41,140,8.32E-15,9.77E-16,3.72E-16,,,,8.51E-17,8.71E-17,4.37E-16,,,,,,,,,,,,,,2.51E-12,
Oph J162225-240515A,Herczeg 2009,0.0540000,,0.25,140,3.24E-16,5.50E-17,2.40E-17,,,,2.00E-17,2.00E-17,1.58E-17,,,,,,,,,,,,,,5.01E-14,upper limit
OphJ162225-240515B,Herczeg 2009,0.0210000,,0.23,140,9.55E-16,2.19E-16,8.32E-17,,,,5.01E-17,1.00E-17,3.47E-17,,,,,,,,,,,,,,2.51E-13,
2MASS J11020983-3430355,Herczeg 2009,0.0260000,,0.23,140,2.40E-15,5.37E-16,2.95E-16,,,,7.59E-17,4.79E-17,1.23E-16,,,,,,,,,,,,,,1.58E-13,
2MASS J16060374-2219298,Herczeg 2009,0.0330000,,0.17,140,2.75E-15,3.31E-16,1.78E-16,,,,4.79E-17,1.74E-17,2.45E-17,,,,,,,,,,,,,,5.01E-13,
2MASS J16072382-2211018,Herczeg 2009,0.0270000,,0.22,140,7.08E-17,,,,,,1.00E-17,1.26E-17,,,,,,,,,,,,,,,5.01E-12,upper limit
2MASS J15591135-2338002,Herczeg 2009,0.0600000,,0.26,140,5.37E-15,2.29E-15,1.74E-15,,,,4.27E-15,1.91E-16,3.02E-16,,,,,,,,,,,,,,3.98E-12,
ISO-Oph 023,Manara 2015,0.0700000,,0.79,140,1.03E-13,,,3.00E-15,4.00E-15,2.00E-15,,,,,,,,,,,,,,,,,1.41E-10,
ISO-Oph 032,Manara 2015,0.0700000,,0.7,140,2.46E-14,2.69E-15,1.41E-15,6.90E-16,2.78E-15,,5.40E-16,2.90E-16,3.60E-16,,,,,,,,,,,,,,3.24E-11,
ISO-Oph 033,Manara 2015,0.0300000,,0.32,140,1.30E-14,,,,,,,,,,,,,,,,,,,,,,2.00E-11,
ISO-Oph 160,Manara 2015,0.0600000,,0.73,140,8.50E-14,,1.50E-14,1.10E-14,9.00E-15,2.00E-15,,,,,,,,,,,,,,,,,2.75E-10,
2MASS J16273863-2438391,Manara 2015,0.0500000,,1.05,140,1.05E-13,2.80E-14,,1.50E-14,4.40E-14,,7.00E-15,3.00E-15,,,,,,,,,,,,,,,1.26E-09,
2MASS J16274629-2431411,Manara 2015,0.0600000,,1.02,140,8.00E-15,,,,,,,,,,,,,,,,,,,,,,1.86E-11,
2MASS J12073346-3932539,Mohanty 2005,0.0350000,,,140,,,,,,,,,,,,,,,,,,,,,,,1.26E-11,upper limit
2MASS J12073346-3932539,Mohanty 2005,0.0350000,,,140,,,,,,,,,,,,,,,,,,,,,,,7.94E-12,upper limit
2MASS J04394748+2601407,Mohanty 2005,0.0600000,,,140,,,,,,,,,,,,,,,,,,,,,,,2.00E-11,
2MASS J04394748+2601407,Mohanty 2005,0.0600000,,,140,,,,,,,,,,,,,,,,,,,,,,,1.26E-11,
2MASS J16273863-2438391,Mohanty 2005,0.0600000,,,140,,,,,,,,,,,,,,,,,,,,,,,3.98E-11,
2MASS J16273863-2438391,Mohanty 2005,0.0600000,,,140,,,,,,,,,,,,,,,,,,,,,,,2.51E-11,
Cl* IC 348 LRL 291,Mohanty 2005,0.0500000,,,140,,,,,,,,,,,,,,,,,,,,,,,1.58E-11,upper limit
Cl* IC 348 LRL 291,Mohanty 2005,0.0500000,,,140,,,,,,,,,,,,,,,,,,,,,,,1.00E-11,upper limit
Cl* IC 348 LRL 415,Mohanty 2005,0.0700000,,,140,,,,,,,,,,,,,,,,,,,,,,,3.98E-10,
Cl* IC 348 LRL 415,Mohanty 2005,0.0700000,,,140,,,,,,,,,,,,,,,,,,,,,,,1.58E-10,
2MASS J04190126+2802487,Mohanty 2005,0.0200000,,,140,,,,,,,,,,,,,,,,,,,,,,,3.16E-11,
2MASS J04190126+2802487,Mohanty 2005,0.0200000,,,140,,,,,,,,,,,,,,,,,,,,,,,2.00E-11,
2MASS J04272799+2612052,Mohanty 2005,0.0150000,,,140,,,,,,,,,,,,,,,,,,,,,,,7.94E-12,
2MASS J04272799+2612052,Mohanty 2005,0.0150000,,,140,,,,,,,,,,,,,,,,,,,,,,,6.31E-12,
2MASS J04300724+2608207,Mohanty 2005,0.0250000,,,140,,,,,,,,,,,,,,,,,,,,,,,1.58E-11,
2MASS J04300724+2608207,Mohanty 2005,0.0250000,,,140,,,,,,,,,,,,,,,,,,,,,,,1.00E-11,
2MASS J04305718+2556394,Mohanty 2005,0.0300000,,,140,,,,,,,,,,,,,,,,,,,,,,,1.00E-11,
2MASS J04305718+2556394,Mohanty 2005,0.0300000,,,140,,,,,,,,,,,,,,,,,,,,,,,6.31E-12,
DENIS J160603.9-205644,Mohanty 2005,0.0400000,,,140,,,,,,,,,,,,,,,,,,,,,,,1.58E-11,upper limit
DENIS J160603.9-205644,Mohanty 2005,0.0400000,,,140,,,,,,,,,,,,,,,,,,,,,,,1.00E-11,upper limit
Cl* IC 348 LRL 382,Muzerolle 2003,0.0400000,,0.5,140,,,,,,,,,,,,,,,,,,,,,,,5.01E-11,
Cl* IC 348 LRL 415,Muzerolle 2003,0.0400000,,0.5,140,,,,,,,,,,,,,,,,,,,,,,,5.01E-10,
2MASS J04321606+1812464,Muzerolle 2003,0.0900000,,0.5,140,,,,,,,,,,,,,,,,,,,,,,,1.58E-11,
2MASS J11013205-7718249,Muzerolle 2005,0.0350000,,0.3,140,,,,,,,,,,,,,,,,,,,,,,,,
2MASS J04141188+2811535,Muzerolle 2005,0.0750000,,0.53,140,,,,,,,,,,,,,,,,,,,,,,,1.00E-10,
2MASS J04381486+2611399,Muzerolle 2005,0.0700000,,0.18,140,6.25E-16,,,,,,,,,,,,,,,,,,,,,,1.58E-11,
2MASS J04390396+2544264,Muzerolle 2005,0.0500000,,0.57,140,8.02E-15,,,,,,,,,,,,,,,,,,,,,,5.01E-12,
2MASS J04414825+2534304,Muzerolle 2005,0.0350000,,0.41,140,,,,,,,,,,,,,,,,,,,,,,,5.01E-12,
2MASS J04554801+3028050,Muzerolle 2005,0.0750000,,0.44,140,,,,,,,,,,,,,,,,,,,,,,,1.00E-12,upper limit
2MASS J11011926-7732383,Muzerolle 2005,0.0500000,,0.59,140,3.16E-16,,,,,,,,,,,,,,,,,,,,,,1.00E-12,upper limit
2MASS J11070324-7610565,Muzerolle 2005,0.0700000,,0.43,140,,,,,,,,,,,,,,,,,,,,,,,1.00E-12,upper limit
2MASS J04363893+2258119,Muzerolle 2005,0.0350000,,0.41,140,,,,,,,,,,,,,,,,,,,,,,,1.00E-12,upper limit
2MASS J04394748+2601407,Muzerolle 2005,0.0600000,,0.94,140,,,,,,,,,,,,,,,,,,,,,,,5.01E-12,
[NC98] Cha HA 1,Muzerolle 2005,0.0350000,,0.5,140,,,,,,,,,,,,,,,,,,,,,,,5.01E-12,
[NC98] Cha HA 10,Muzerolle 2005,0.0700000,,0.36,140,,,,,,,,,,,,,,,,,,,,,,,1.00E-12,upper limit
[NC98] Cha HA 11,Muzerolle 2005,0.0550000,,0.28,140,,,,,,,,,,,,,,,,,,,,,,,1.00E-11,
[NC98] Cha HA 12,Muzerolle 2005,0.0750000,,0.65,140,,,,,,,,,,,,,,,,,,,,,,,1.00E-12,upper limit
[NC98] Cha HA 7,Muzerolle 2005,0.0350000,,0.48,140,,,,,,,,,,,,,,,,,,,,,,,1.00E-12,upper limit
CHSM 17173,Muzerolle 2005,0.0300000,,0.48,140,,,,,,,,,,,,,,,,,,,,,,,1.00E-12,upper limit
CHSM 7869,Muzerolle 2005,0.0700000,,0.39,140,,,,,,,,,,,,,,,,,,,,,,,1.00E-10,
ISO-Oph 138,Muzerolle 2005,0.0650000,,0.35,140,,,,,,,,,,,,,,,,,,,,,,,1.00E-12,upper limit
2MASS J04190126+2802487,Muzerolle 2005,0.0200000,,0.17,140,,,,,,,,,,,,,,,,,,,,,,,3.98E-12,
2MASS J04185115+2814332,Muzerolle 2005,0.0450000,,0.32,140,,,,,,,,,,,,,,,,,,,,,,,1.00E-12,upper limit
2MASS J04272799+2612052,Muzerolle 2005,0.0110000,,0.3,140,4.21E-16,,,,,,,,,,,,,,,,,,,,,,1.00E-12,upper limit
2MASS J04294568+2630468,Muzerolle 2005,0.0400000,,0.59,140,1.09E-15,,,,,,,,,,,,,,,,,,,,,,1.00E-12,upper limit
2MASS J04300724+2608207,Muzerolle 2005,0.0250000,,0.23,140,4.42E-16,,,,,,,,,,,,,,,,,,,,,,3.98E-12,
2MASS J04305718+2556394,Muzerolle 2005,0.0300000,,0.28,140,,,,,,,,,,,,,,,,,,,,,,,3.98E-12,
[NC98] Cha HA 1,Natta 2004,0.0381720,,0.46,140,,,,,,,,,,,,,,,,,,,,,,,1.00E-12,upper limit
[NC98] Cha HA 1,Natta 2004,0.0381720,,0.46,140,,,,,,,,,,,,,,,,,,,,,,,3.98E-12,
[NC98] Cha HA 2,Natta 2004,0.0668010,,0.73,140,,,,,,,,,,,,,,,,,,,,,,,1.00E-10,
[NC98] Cha HA 2,Natta 2004,0.0668010,,0.73,140,,,,,,,,,,,,,,,,,,,,,,,1.58E-11,upper limit
[NC98] Cha HA 3,Natta 2004,0.0572580,,0.77,140,,,,,,,,,,,,,,,,,,,,,,,1.00E-12,upper limit
[NC98] Cha HA 3,Natta 2004,0.0572580,,0.77,140,,,,,,,,,,,,,,,,,,,,,,,7.94E-11,upper limit
[NC98] Cha HA 6,Natta 2004,0.0477150,,0.68,140,,,,,,,,,,,,,,,,,,,,,,,1.58E-11,
[NC98] Cha HA 6,Natta 2004,0.0477150,,0.68,140,,,,,,,,,,,,,,,,,,,,,,,3.16E-11,
ISO-Oph 023,Natta 2004,0.0572580,,0.91,140,,,,,,,,,,,,,,,,,,,,,,,7.94E-11,
2MASS J16262152-2426009,Natta 2004,0.0381720,,1.31,140,2.59E-15,,,,,,,,,,,,,,,,,,,,,,1.58E-10,
2MASS J16262152-2426009,Natta 2004,0.0572580,,1.22,140,2.59E-15,,,,,,,,,,,,,,,,,,,,,,1.58E-11,
ISO-Oph 032,Natta 2004,0.0381720,,1.21,140,5.95E-15,,,,,,,,,,,,,,,,,,,,,,3.16E-11,
2MASS J16270659-2441488,Natta 2004,0.0572580,,1.29,140,6.76E-15,,,,,,,,,,,,,,,,,,,,,,1.00E-09,upper limit
2MASS J16270659-2441488,Natta 2004,0.0572580,,1.29,140,6.76E-15,,,,,,,,,,,,,,,,,,,,,,5.01E-11,
ISO-Oph 023,Natta 2006,0.0398107,0.0386795,0.69,140,,,,6.53E-16,,,,,,,2.57E-06,,,,,,,,,,,,1.17E-10,
ISO-Oph 032,Natta 2006,0.0575440,0.0469377,0.89,140,,,,1.46E-15,,,,,,,9.77E-07,,,,,,,,,,,,2.88E-11,
ISO-Oph 033,Natta 2006,0.0069183,0.0257524,0.20,140,,,,5.78E-17,,,,,,,7.08E-08,,,,,,,,,,,,1.55E-12,upper limit
2MASS J16264848-2428389,Natta 2006,0.0058884,,,140,,,,1.54E-17,,,,,,,,,,,,,,,,,,,7.59E-10,upper limit
2MASS J16265477-2427022,Natta 2006,0.0741310,,1.06,140,,,,6.40E-17,,,,,,,,,,,,,,,,,,,,
ISO-Oph 082,Natta 2006,0.0281838,0.3370217,,140,,,,3.30E-17,,,,,,,1.70E-06,,,,,,,,,,,,7.59E-11,upper limit
ISO-Oph 094,Natta 2006,0.0295121,0.4179268,0.57,140,,,,1.99E-16,,,,,,,4.57E-06,,,,,,,,,,,,2.82E-10,
ISO-Oph 158,Natta 2006,0.0691831,0.3751861,,140,,,,5.00E-15,,,,,,,3.31E-06,,,,,,,,,,,,1.38E-10,upper limit
ISO-Oph 160,Natta 2006,0.0467735,0.0314886,0.76,140,,,,2.27E-15,,,,,,,6.03E-06,,,,,,,,,,,,3.63E-10,
ISO-Oph 165,Natta 2006,0.0630957,0.3370217,0.93,140,,,,7.29E-16,,,,,,,2.75E-05,,,,,,,,,,,,2.63E-09,
2MASS J16274161-2446447,Natta 2006,0.0058884,,0.19,140,,,,1.24E-16,,,,,,,2.34E-07,,,,,,,,,,,,8.51E-12,upper limit
2MASS J16274578-2444538,Natta 2006,0.0331131,,0.59,140,,,,5.50E-16,,,,,,,1.70E-05,,,,,,,,,,,,1.62E-09,
SR12 c,Santamaria-Miranda 2017/2019,0.0130000,,0.19,140,1.34E-15,2.19E-16,6.57E-16,,,,,,,,,,,,,,,,,,,,4.57E-10,Corrections published in 2019 Erratum paper
SR12 c,Santamaria-Miranda 2017/2019,0.0130000,,0.19,140,,,,,,,,,,,,,,,,,,,,,,,4.90E-11,Corrections published in 2019 Erratum paper
SR12 c,Santamaria-Miranda 2017/2019,0.0130000,,0.19,140,,,,,,,,,,,,,,,,,,,,,,,1.16E-12,Corrections published in 2019 Erratum paper
SR12 c,Santamaria-Miranda 2017/2019,0.0130000,,0.19,140,,,,,,,,,,,,,,,,,,,,,,,5.99E-13,Corrections published in 2019 Erratum paper
SR12 c,Santamaria-Miranda 2017/2019,0.0130000,,0.19,140,,,,,,,,,,,,,,,,,,,,,,,1.79E-12,Corrections published in 2019 Erratum paper
SR12 c,Santamaria-Miranda 2017/2019,0.0130000,,0.19,140,,,,,,,,,,,,,,,,,,,,,,,1.18E-12,Corrections published in 2019 Erratum paper
SR12 c,Santamaria-Miranda 2017/2019,0.0130000,,0.19,140,,,,,,,,,,,,,,,,,,,,,,,6.28E-12,Corrections published in 2019 Erratum paper
SR12 c,Santamaria-Miranda 2017/2019,0.0130000,,0.19,140,,,,,,,,,,,,,,,,,,,,,,,4.02E-13,Corrections published in 2019 Erratum paper
GQ Lup b,Zhou 2014,0.0229032,,0.653185,140,,,,,,,,,,,,,,,,,,,,,,,5.01E-10,T R M from prEVious literature
GQ Lup b,Zhou 2014,0.0295833,,0.462254,140,,,,,,,,,,,,,,,,,,,,,,,5.01E-10,T R M meausred by Zhou
GSC 6214-210 b,Zhou 2014,0.0133602,,0.150735,140,,,,,,,,,,,,,,,,,,,,,,,1.00E-11,T R M from prEVious literature
GSC 6214-210 b,Zhou 2014,0.0143145,,0.180882,140,,,,,,,,,,,,,,,,,,,,,,,1.58E-11,T R M meausred by Zhou
2MASS J04554757+3028077,Muzerolle 2005,0.2000000,,1,140,,,,,,,,,,,,,,,,,,,,,,,,
2MASS J10561638-7630530,Muzerolle 2005,0.1000000,,0.64,140,,,,,,,,,,,,,,,,,,,,,,,1.58E-11,
2MASS J10580597-7711501,Muzerolle 2005,0.1000000,,0.47,140,,,,,,,,,,,,,,,,,,,,,,,1.00E-12,upper limit
2MASS J11072443-7743489,Muzerolle 2005,0.1100000,,0.75,140,2.40E-16,,,,,,,,,,,,,,,,,,,,,,1.00E-12,upper limit
2MASS J11075993-7715317,Muzerolle 2005,0.1200000,,0.95,140,1.08E-15,,,,,,,,,,,,,,,,,,,,,,1.00E-12,upper limit
2MASS J11080234-7640343,Muzerolle 2005,0.0800000,,0.58,140,4.68E-16,,,,,,,,,,,,,,,,,,,,,,1.00E-12,upper limit
2MASS J11173792-7646193,Muzerolle 2005,0.0800000,,0.42,140,,,,,,,,,,,,,,,,,,,,,,,1.00E-12,upper limit
2MASS J16081497-3857145,Alcala 2017,0.1000000,,0.33,140,1.26E-14,3.73E-15,2.34E-15,3.27E-16,4.03E-16,2.52E-16,4.16E-16,1.69E-16,9.46E-16,1.19E-15,,,,,,,,,,,,,5.01E-11,
2MASS J16085324-3914401,Alcala 2017,0.3200000,,1.57,140,4.87E-14,9.61E-15,5.92E-15,9.70E-15,5.07E-15,2.41E-15,1.20E-15,1.39E-15,9.60E-15,8.31E-15,,,,,,,,,,,,,1.58E-10,
2MASS J16085373-3914367,Alcala 2017,0.1000000,,0.29,140,6.72E-15,,,1.09E-15,9.89E-16,2.76E-16,1.62E-15,8.10E-16,,,,,,,,,,,,,,,2.51E-11,
2MASS J16085529-3848481,Alcala 2017,0.1000000,,1.07,140,1.06E-14,1.37E-15,8.13E-16,8.40E-16,3.00E-16,1.98E-16,2.63E-16,9.30E-17,6.04E-16,5.28E-16,,,,,,,,,,,,,3.16E-11,
2MASS J16100133-3906449,Alcala 2017,0.1400000,,1.77,140,2.20E-14,2.20E-15,1.01E-15,7.31E-16,8.32E-16,6.18E-16,4.51E-16,2.21E-16,9.91E-16,9.44E-16,,,,,,,,,,,,,2.04E-10,
V* AA Tau,Gullbring 1998,0.5300000,,1.74,140,,,,,,,,,,,,,,,,,,,,,,,3.30E-09,
V* AA Tau,Salyk 2013,0.5300000,,1.74,140,,,,,,,,,,,,,,,,,,,,,,,4.90E-09,
V* AB Aur,Salyk 2013,2.4000000,,,140,,,,,,,,,,,,,,,,,,,,,,,1.26E-07,
2MASS J15445789-3423392,Alcala 2017,0.1200000,,0.44,140,,,,,,,,,,,,,,,,,,,,,,,1.26E-11,
V* V866 Sco A,Salyk 2013,1.5000000,,,140,,,,,,,,,,,,,,,,,,,,,,,7.94E-08,
V* V866 Sco B,Salyk 2013,0.3000000,,,140,,,,,,,,,,,,,,,,,,,,,,,2.09E-07,
2MASS J16491530-1422087,Salyk 2013,1.4000000,,2.4,140,,,,,,,,,,,,,,,,,,,,,,,3.02E-08,
V* BF Ori,Salyk 2013,2.1000000,,2.7,140,,,,,,,,,,,,,,,,,,,,,,,4.57E-08,
V* BP Tau,Gullbring 1998,0.4900000,,1.99,140,,,,,,,,,,,,,,,,,,,,,,,2.88E-08,
[NC98] Cha HA 2,Mohanty 2005,0.1400000,,,140,,,,,,,,,,,,,,,,,,,,,,,2.51E-11,upper limit
[NC98] Cha HA 2,Mohanty 2005,0.1400000,,,140,,,,,,,,,,,,,,,,,,,,,,,1.58E-11,upper limit
[NC98] Cha HA 5,Natta 2004,0.0954300,,0.83,140,,,,,,,,,,,,,,,,,,,,,,,1.00E-12,upper limit
[NC98] Cha HA 5,Natta 2004,0.0954300,,0.83,140,,,,,,,,,,,,,,,,,,,,,,,1.00E-10,upper limit
[NC98] Cha HA 6,Mohanty 2005,0.1200000,,,140,,,,,,,,,,,,,,,,,,,,,,,2.51E-11,upper limit
[NC98] Cha HA 6,Mohanty 2005,0.1200000,,,140,,,,,,,,,,,,,,,,,,,,,,,1.58E-11,upper limit
2MASS J11115400-7619311,Muzerolle 2005,0.4400000,,1.7,140,,,,,,,,,,,,,,,,,,,,,,,,
Haro 6-36,Muzerolle 2003,0.1200000,,1,140,,,,,,,,,,,,,,,,,,,,,,,5.01E-11,
CI Tau,Salyk 2013,0.7700000,,,140,,,,,,,,,,,,,,,,,,,,,,,2.09E-08,
CK4,Salyk 2013,,,,140,,,,,,,,,,,,,,,,,,,,,,,,
2MASS J19014156-3658312,Salyk 2013,,,,140,,,,,,,,,,,,,,,,,,,,,,,,
CV Cha,Salyk 2013,2.1000000,,3.2,140,,,,,,,,,,,,,,,,,,,,,,,1.55E-07,
CY Tau,Gullbring 1998,0.4240000,,1.63,140,,,,,,,,,,,,,,,,,,,,,,,7.50E-09,
DE Tau,Gullbring 1998,0.2590000,,2.45,140,,,,,,,,,,,,,,,,,,,,,,,2.64E-08,
DF Tau,Gullbring 1998,0.2700000,,3.37,140,,,,,,,,,,,,,,,,,,,,,,,1.77E-07,
DK Tau,Gullbring 1998,0.4310000,,2.49,140,,,,,,,,,,,,,,,,,,,,,,,3.79E-08,
DN Tau,Gullbring 1998,0.3820000,,2.09,140,,,,,,,,,,,,,,,,,,,,,,,3.50E-09,
DO Tau,Gullbring 1998,0.3690000,,2.25,140,,,,,,,,,,,,,,,,,,,,,,,1.44E-07,
DQ Tau,Gullbring 1998,0.4390000,,1.785,140,,,,,,,,,,,,,,,,,,,,,,,6.00E-10,
DS Tau,Gullbring 1998,0.8700000,,1.36,140,,,,,,,,,,,,,,,,,,,,,,,1.29E-08,
2MASS J16030548-4018254,Alcala 2017,0.5600000,,2.49,140,1.53E-12,6.68E-13,6.37E-13,7.75E-14,9.71E-14,3.29E-14,9.32E-14,2.43E-14,4.01E-13,5.32E-13,,,,,,,,,,,,,3.63E-08,
2MASS J04323034+1731406,Gullbring 1998,0.4420000,,2.31,140,,,,,,,,,,,,,,,,,,,,,,,1.75E-08,
2MASS J04333405+2421170,Gullbring 1998,0.6680000,,1.735,140,,,,,,,,,,,,,,,,,,,,,,,9.60E-09,
2MASS J04333456+2421058,Gullbring 1998,0.4610000,,2.15,140,,,,,,,,,,,,,,,,,,,,,,,6.40E-09,
2MASS J04551098+3021595,Gullbring 1998,0.5240000,,1.78,140,,,,,,,,,,,,,,,,,,,,,,,9.60E-09,
2MASS J16262152-2426009,Mohanty 2005,0.1200000,,,140,,,,,,,,,,,,,,,,,,,,,,,2.51E-11,upper limit
2MASS J16262152-2426009,Mohanty 2005,0.1200000,,,140,,,,,,,,,,,,,,,,,,,,,,,1.58E-11,upper limit
TWA 3A,Herczeg 2009,0.3700000,,0.81,140,2.14E-12,4.79E-13,3.55E-13,,,,6.31E-14,2.00E-14,1.23E-13,,,,,,,,,,,,,,2.51E-10,
TWA 3B,Herczeg 2009,0.2900000,,0.69,140,1.23E-13,6.92E-14,3.24E-14,,,,2.00E-14,2.00E-14,6.46E-14,,,,,,,,,,,,,,7.94E-12,
2MASS J04333935+1751523,Gullbring 1998,0.8100000,,0.76,140,,,,,,,,,,,,,,,,,,,,,,,1.30E-09,
Cl* IC 348 LRL 165,Mohanty 2005,0.1400000,,,140,,,,,,,,,,,,,,,,,,,,,,,3.16E-10,
Cl* IC 348 LRL 165,Mohanty 2005,0.1400000,,,140,,,,,,,,,,,,,,,,,,,,,,,1.26E-10,
Cl* IC 348 LRL 165,Muzerolle 2003,0.1200000,,1,140,7.99E-15,,,,,,,,,,,,,,,,,,,,,,1.00E-10,
2MASS J03441012+3204045,Muzerolle 2003,0.1000000,,1,140,7.76E-15,,,,,,,,,,,,,,,,,,,,,,1.00E-10,
2MASS J03442980+3200545,Mohanty 2005,0.1000000,,,140,,,,,,,,,,,,,,,,,,,,,,,1.00E-10,
2MASS J03442980+3200545,Mohanty 2005,0.1000000,,,140,,,,,,,,,,,,,,,,,,,,,,,5.01E-11,
2MASS J03442980+3200545,Muzerolle 2003,0.0900000,,1,140,,,,,,,,,,,,,,,,,,,,,,,1.00E-10,
2MASS J03435526+3207533,Mohanty 2005,0.1200000,,,140,,,,,,,,,,,,,,,,,,,,,,,2.51E-11,upper limit
2MASS J03435526+3207533,Mohanty 2005,0.1200000,,,140,,,,,,,,,,,,,,,,,,,,,,,1.58E-11,upper limit
Cl* IC 348 LRL 336,Muzerolle 2003,0.1000000,,1,140,1.17E-15,,,,,,,,,,,,,,,,,,,,,,1.00E-10,
Cl* IC 348 LRL 382,Mohanty 2005,0.1100000,,,140,,,,,,,,,,,,,,,,,,,,,,,5.01E-11,
Cl* IC 348 LRL 382,Mohanty 2005,0.1100000,,,140,,,,,,,,,,,,,,,,,,,,,,,2.51E-11,
IP Tau,Gullbring 1998,0.5220000,,1.44,140,,,,,,,,,,,,,,,,,,,,,,,8.00E-10,
2MASS J16253673-2415424,Natta 2006,0.5495409,,2.81,140,,,,1.49E-14,,,,,,,5.37E-05,,,,,,,,,,,,2.19E-09,upper limit
ISO-Oph 002,Natta 2006,0.3019952,,2.23,140,,,,6.44E-15,,,,,,,8.51E-05,,,,,,,,,,,,6.03E-09,
ISO-Oph 002,Gatti 2006,0.4000000,,1.67,140,,,,6.44E-15,,1.37E-14,,,,,,,,,,,,,,,,,1.86E-09,
2MASS J16253958-2426349,Natta 2006,0.3630781,,2.37,140,,,,2.14E-14,,,,,,,1.55E-04,,,,,,,,,,,,1.20E-08,
2MASS J16255052-2439145,Natta 2006,0.5495409,,,140,,,,1.59E-14,,,,,,,3.80E-05,,,,,,,,,,,,1.38E-09,upper limit
2MASS J16255615-2420481,Natta 2006,0.5248075,,1.79,140,,,,1.30E-12,,,,,,,1.35E-03,,,,,,,,,,,,1.82E-07,
2MASS J16260137-2425203,Natta 2006,0.0933254,,1.23,140,,,,1.60E-16,,,,,,,1.82E-06,,,,,,,,,,,,5.75E-11,upper limit
2MASS J16260329-2417464,Natta 2006,0.3235937,,,140,,,,1.35E-14,,,,,,,2.69E-05,,,,,,,,,,,,1.20E-09,upper limit
2MASS J16260457-2417514,Natta 2006,0.0954993,,1.26,140,,,,3.03E-17,,,,,,,1.10E-06,,,,,,,,,,,,2.82E-11,upper limit
2MASS J16260704-2427241,Natta 2006,0.2398833,,2.06,140,,,,4.80E-16,,,,,,,4.57E-05,,,,,,,,,,,,2.95E-09,
2MASS J16260763-2427413,Natta 2006,0.3981072,,,140,,,,2.11E-16,,,,,,,2.29E-05,,,,,,,,,,,,8.51E-10,upper limit
2MASS J16260931-2434121,Natta 2006,1.0000000,,,140,,,,-1.43E-12,,,,,,,,,,,,,,,,,,,,
2MASS J16261033-2420548,Natta 2006,0.6456542,,2.94,140,,,,4.49E-16,,,,,,,7.76E-05,,,,,,,,,,,,3.31E-09,upper limit
2MASS J16261581-2419221,Natta 2006,0.3981072,,,140,,,,3.84E-16,,,,,,,2.34E-05,,,,,,,,,,,,8.71E-10,upper limit
2MASS J16261684-2422231,Natta 2006,0.8709636,,3.26,140,,,,1.10E-14,,,,,,,1.35E-04,,,,,,,,,,,,5.89E-09,upper limit
2MASS J16261706-2420216,Natta 2006,0.4677351,,2.59,140,,,,5.20E-14,,,,,,,7.08E-05,,,,,,,,,,,,3.47E-09,
2MASS J16261886-2428196,Natta 2006,0.5248075,,2.72,140,,,,2.60E-14,,,,,,,6.31E-04,,,,,,,,,,,,6.46E-08,
2MASS J16261898-2424142,Natta 2006,0.2570396,,2.08,140,,,,2.64E-16,,,,,,,5.89E-05,,,,,,,,,,,,3.89E-09,
2MASS J16262101-2415414,Natta 2006,0.7244360,,,140,,,,1.45E-15,,,,,,,6.92E-05,,,,,,,,,,,,2.63E-09,upper limit
2MASS J16262152-2426009,Natta 2006,0.0758578,,1.08,140,,,,8.83E-16,,,,,,,1.12E-06,,,,,,,,,,,,3.16E-11,
ISO-Oph 032,Manara 2015,0.0700000,,0.70,140,2.46E-14,2.69E-15,1.41E-15,6.90E-16,2.78E-15,,5.40E-16,2.90E-16,3.60E-16,,,,,,,,,,,,,,3.24E-11,
ISO-Oph 035,Natta 2006,0.0870964,,1.16,140,,,,,,,,,,,,,,,,,,,,,,,1.00E+00,
ISO-Oph 036,Natta 2006,1.1220185,,3.71,140,,,,5.68E-14,,,,,,,1.58E-04,,,,,,,,,,,,6.17E-09,
ISO-Oph 037,Gatti 2006,0.7000000,,0.71,140,,,,1.32E-15,,2.79E-15,,,,,,,,,,,,,,,,,2.45E-10,
ISO-Oph 037,Manara 2015,1.0200000,,1.31,140,3.43E-11,,,2.45E-13,2.36E-13,,,,,,,,,,,,,,,,,,3.24E-09,
ISO-Oph 037,Natta 2006,0.1318257,,1.56,140,,,,8.98E-16,,,,,,,2.63E-05,,,,,,,,,,,,1.95E-09,
ISO-Oph 038,Natta 2006,0.4897788,,2.68,140,,,,1.65E-14,,,,,,,1.91E-05,,,,,,,,,,,,5.75E-10,upper limit
ISO-Oph 039,Natta 2006,1.3489629,,3.93,140,,,,5.62E-15,,,,,,,1.48E-04,,,,,,,,,,,,5.13E-09,upper limit
ISO-Oph 040,Natta 2006,0.8511380,,3.38,140,,,,3.99E-13,,,,,,,1.91E-03,,,,,,,,,,,,2.14E-07,
ISO-Oph 041,Natta 2006,0.1479108,,1.71,140,,,,2.90E-17,,,,,,,3.16E-06,,,,,,,,,,,,1.05E-10,upper limit
ISO-Oph 043,Natta 2006,0.3630781,,2.39,140,,,,7.60E-16,,,,,,,4.07E-05,,,,,,,,,,,,1.95E-09,upper limit
ISO-Oph 044,Natta 2006,0.2754229,,,140,,,,1.65E-16,,,,,,,1.86E-05,,,,,,,,,,,,8.13E-10,upper limit
ISO-Oph 046,Natta 2006,0.2691535,,2.16,140,,,,1.54E-15,,,,,,,4.27E-04,,,,,,,,,,,,5.75E-08,
ISO-Oph 047,Natta 2006,0.2089296,,,140,,,,3.26E-16,,,,,,,1.95E-05,,,,,,,,,,,,1.17E-08,upper limit
ISO-Oph 051,Natta 2006,0.1778279,,1.81,140,,,,1.08E-15,,,,,,,5.37E-06,,,,,,,,,,,,1.95E-10,upper limit
ISO-Oph 052,Natta 2006,0.1258925,,1.49,140,,,,9.36E-16,,,,,,,4.79E-05,,,,,,,,,,,,4.37E-09,
ISO-Oph 053,Natta 2006,0.1288250,,1.53,140,,,,9.14E-17,,,,,,,2.57E-06,,,,,,,,,,,,8.13E-11,upper limit
ISO-Oph 056,Natta 2006,0.2344229,,2.01,140,,,,7.70E-15,,,,,,,1.05E-05,,,,,,,,,,,,4.07E-10,upper limit
ISO-Oph 059,Natta 2006,0.2089296,,,140,,,,2.91E-17,,,,,,,8.71E-05,,,,,,,,,,,,7.41E-09,upper limit
ISO-Oph 062,Natta 2006,0.8511380,,3.38,140,,,,2.78E-14,,,,,,,2.09E-04,,,,,,,,,,,,1.05E-08,
ISO-Oph 063,Natta 2006,0.1348963,,1.60,140,,,,6.96E-17,,,,,,,3.16E-06,,,,,,,,,,,,1.10E-10,upper limit
ISO-Oph 064,Natta 2006,0.4168694,,,140,,,,1.41E-15,,,,,,,3.47E-05,,,,,,,,,,,,1.45E-09,upper limit
ISO-Oph 066,Natta 2006,0.2041738,,,140,,,,1.01E-14,,,,,,,1.35E-05,,,,,,,,,,,,6.31E-10,upper limit
ISO-Oph 067,Natta 2006,0.4677351,,2.68,140,,,,1.58E-14,,,,,,,5.89E-04,,,,,,,,,,,,6.31E-08,
ISO-Oph 068+,Natta 2006,0.6760830,,3.08,140,,,,2.53E-14,,,,,,,6.46E-05,,,,,,,,,,,,2.45E-09,
ISO-Oph 069,Natta 2006,0.1288250,,,140,,,,1.47E-15,,,,,,,3.39E-06,,,,,,,,,,,,1.20E-10,upper limit
ISO-Oph 072,Manara 2015,0.3000000,,0.97,140,2.34E-12,4.56E-13,,3.95E-13,3.65E-13,,,,,,,,,,,,,,,,,,4.37E-09,
WL 18,Natta 2006,0.1348963,,1.58,140,,,,4.50E-14,,,,,,,,,,,,,,,,,,,5.89E-08,
ISO-Oph 073,Natta 2006,0.8511380,,,140,,,,1.66E-15,,,,,,,5.89E-05,,,,,,,,,,,,1.91E-09,upper limit
ISO-Oph 074,Natta 2006,,,,140,,,,-1.41E-15,,,,,,,,,,,,,,,,,,,,
ISO-Oph 075,Natta 2006,0.1584893,,,140,,,,3.70E-18,,,,,,,8.71E-05,,,,,,,,,,,,1.20E-07,upper limit
ISO-Oph 076,Natta 2006,0.2137962,,,140,,,,1.75E-18,,,,,,,8.71E-05,,,,,,,,,,,,1.20E-07,upper limit
ISO-Oph 078,Natta 2006,0.4265795,,2.48,140,,,,1.66E-16,,,,,,,2.04E-05,,,,,,,,,,,,6.92E-10,upper limit
ISO-Oph 083,Gatti 2006,0.4000000,,,140,,,,,,,,,,,,,,,,,,,,,,,4.57E-09,
ISO-Oph 083,Natta 2006,0.3801894,,2.37,140,,,,1.77E-14,,,,,,,1.95E-04,,,,,,,,,,,,1.62E-08,
ISO-Oph 084,Natta 2006,0.1047129,,,140,,,,3.29E-17,,,,,,,,,,,,,,,,,,,,
ISO-Oph 085,Natta 2006,,,,140,,,,,,,,,,,,,,,,,,,,,,,,
ISO-Oph 086,Natta 2006,0.1513561,,1.67,140,,,,9.95E-17,,,,,,,8.71E-06,,,,,,,,,,,,4.07E-10,upper limit
ISO-Oph 087,Manara 2015,0.2200000,,1.08,140,,,,,,,,,,,,,,,,,,,,,,,1.20E-09,upper limit
ISO-Oph 087,Natta 2006,0.0912011,,1.20,140,,,,4.98E-16,,,,,,,1.20E-05,,,,,,,,,,,,7.41E-10,
ISO-Oph 088a,Natta 2006,0.7244360,,3.05,140,,,,4.14E-13,,,,,,,1.20E-03,,,,,,,,,,,,1.26E-07,
ISO-Oph 088b,Natta 2006,0.7079458,,3.01,140,,,,1.57E-13,,,,,,,7.76E-04,,,,,,,,,,,,7.08E-08,
ISO-Oph 089,Natta 2006,0.1148154,,1.38,140,,,,5.96E-17,,,,,,,3.55E-06,,,,,,,,,,,,1.32E-10,upper limit
ISO-Oph 091,Natta 2006,0.8128305,,,140,,,,,,,,,,,,,,,,,,,,,,,,
ISO-Oph 092,Natta 2006,1.0232930,,3.58,140,,,,5.70E-15,,,,,,,1.62E-03,,,,,,,,,,,,1.58E-07,
ISO-Oph 093,Natta 2006,0.2951209,,2.21,140,,,,,,,,,,,,,,,,,,,,,,,3.89E-08,upper limit
ISO-Oph 094,Manara 2015,0.4000000,,0.25,140,,,,2.00E-15,,,,,,,,,,,,,,,,,,,4.79E-12,
ISO-Oph 095,Natta 2006,0.3311311,,2.34,140,,,,1.14E-16,,,,,,,2.14E-05,,,,,,,,,,,,8.71E-10,upper limit
ISO-Oph 098,Natta 2006,0.3235937,,2.28,140,,,,1.69E-16,,,,,,,2.40E-05,,,,,,,,,,,,1.00E-09,upper limit
ISO-Oph 102,Manara 2015,0.1500000,,0.74,140,8.80E-14,6.00E-15,8.00E-15,,4.00E-15,,6.00E-15,3.00E-15,7.00E-15,,,,,,,,,,,,,,1.05E-10,
ISO-Oph 102,Natta 2006,0.0758578,,1.08,140,,,,6.68E-15,,,,,,,7.59E-06,,,,,,,,,,,,4.27E-10,
ISO-Oph 103,Natta 2006,1.0964782,,3.62,140,,,,5.19E-18,,,,,,,,,,,,,,,,,,,,
ISO-Oph 105,Gatti 2006,0.3500000,,2.69,140,,,,3.91E-15,,,,,,,,,,,,,,,,,,,9.33E-09,
ISO-Oph 105,Natta 2006,0.6165950,,2.94,140,,,,5.11E-15,,,,,,,1.51E-04,,,,,,,,,,,,8.51E-09,
ISO-Oph 106,Natta 2006,0.2238721,,2.01,140,,,,3.41E-15,,,,,,,1.95E-05,,,,,,,,,,,,9.77E-10,upper limit
ISO-Oph 107,Natta 2006,0.2754229,,2.16,140,,,,4.43E-17,,,,,,,,,,,,,,,,,,,,
ISO-Oph 108,Natta 2006,3.0199517,,,140,,,,7.86E-17,,,,,,,8.71E-05,,,,,,,,,,,,1.45E-06,
ISO-Oph 110,Natta 2006,0.9120108,,3.42,140,,,,2.99E-14,,,,,,,5.01E-05,,,,,,,,,,,,1.45E-09,upper limit
ISO-Oph 112,Natta 2006,0.9120108,,3.38,140,,,,4.22E-16,,,,,,,,,,,,,,,,,,,,
ISO-Oph 113,Natta 2006,,,,140,,,,,,,,,,,,,,,,,,,,,,,,
ISO-Oph 114,Natta 2006,4.3651583,,,140,,,,9.12E-18,,,,,,,,,,,,,,,,,,,,
ISO-Oph 115,Gatti 2006,0.6000000,,0.60,140,,,,,,,,,,,,,,,,,,,,,,,1.55E-11,
ISO-Oph 115,Manara 2015,0.5100000,,1.00,140,,,,3.00E-14,,,,,,,,,,,,,,,,,,,2.04E-10,
ISO-Oph 115,Natta 2006,0.0831764,,1.11,140,,,,4.81E-16,,,,,,,1.15E-05,,,,,,,,,,,,7.24E-10,
ISO-Oph 116,Natta 2006,0.5011872,,2.75,140,,,,3.93E-15,,,,,,,6.61E-05,,,,,,,,,,,,3.09E-09,upper limit
ISO-Oph 117,Gatti 2006,0.6000000,,1.27,140,,,,9.55E-15,,1.44E-14,,,,,,,,,,,,,,,,,2.34E-09,
ISO-Oph 117,Manara 2015,0.3300000,,1.41,140,7.59E-13,,,9.00E-15,9.00E-15,,,,,,,,,,,,,,,,,,2.29E-10,
ISO-Oph 117,Natta 2006,0.2137962,,1.94,140,,,,3.52E-15,,,,,,,4.37E-05,,,,,,,,,,,,3.02E-09,
ISO-Oph 118,Natta 2006,,,2.34,140,,,,3.89E-17,,,,,,,,,,,,,,,,,,,,
ISO-Oph 120,Natta 2006,0.1862087,,1.81,140,,,,8.47E-17,,,,,,,3.72E-05,,,,,,,,,,,,2.57E-09,upper limit
ISO-Oph 121a,Natta 2006,0.2951209,,2.18,140,,,,5.22E-16,,,,,,,1.74E-05,,,,,,,,,,,,7.08E-10,upper limit
ISO-Oph 121b,Natta 2006,0.6309573,,3.01,140,,,,3.37E-16,,,,,,,4.68E-05,,,,,,,,,,,,1.66E-09,upper limit
ISO-Oph 123,Manara 2015,0.6200000,,0.56,140,8.16E-13,1.20E-13,4.90E-14,9.00E-14,7.70E-14,2.10E-14,5.40E-14,2.00E-14,1.56E-13,,,,,,,,,,,,,,2.75E-10,
ISO-Oph 123,Natta 2006,0.0831764,,1.12,140,,,,5.57E-14,,,,,,,9.55E-05,,,,,,,,,,,,1.29E-08,
ISO-Oph 124,Natta 2006,,,2.51,140,,,,3.85E-17,,,,,,,,,,,,,,,,,,,,
ISO-Oph 128,Natta 2006,0.4570882,,2.65,140,,,,1.80E-16,,,,,,,2.34E-05,,,,,,,,,,,,7.94E-10,upper limit
ISO-Oph 129,Natta 2006,,,2.94,140,,,,1.56E-16,,,,,,,,,,,,,,,,,,,,
ISO-Oph 132,Natta 2006,0.6456542,,2.88,140,,,,2.32E-16,,,,,,,8.71E-05,,,,,,,,,,,,3.80E-09,upper limit
ISO-Oph 135,Natta 2006,,,,140,,,,,,,,,,,,,,,,,,,,,,,,
ISO-Oph 138,Natta 2006,0.0346737,,0.61,140,,,,8.66E-17,,,,,,,1.15E-06,,,,,,,,,,,,4.17E-11,upper limit
ISO-Oph 139,Natta 2006,0.1513561,,,140,,,,,,,,,,,8.71E-05,,,,,,,,,,,,5.37E-08,upper limit
ISO-Oph 140,Natta 2006,0.5128614,,2.78,140,,,,6.14E-16,,,,,,,2.51E-04,,,,,,,,,,,,1.91E-08,
ISO-Oph 142,Natta 2006,0.3715352,,2.45,140,,,,1.80E-15,,,,,,,2.14E-05,,,,,,,,,,,,7.94E-10,upper limit
ISO-Oph 144,Natta 2006,0.2884032,,2.16,140,,,,2.23E-16,,,,,,,3.98E-05,,,,,,,,,,,,2.19E-09,upper limit
ISO-Oph 147,Natta 2006,0.6025596,,2.88,140,,,,1.17E-16,,,,,,,4.37E-05,,,,,,,,,,,,1.55E-09,upper limit
ISO-Oph 148,Natta 2006,0.2818383,,,140,,,,6.67E-16,,,,,,,1.38E-05,,,,,,,,,,,,5.25E-10,upper limit
ISO-Oph 151,Natta 2006,0.2398833,,2.01,140,,,,1.31E-15,,,,,,,1.07E-05,,,,,,,,,,,,4.07E-10,upper limit
ISO-Oph 152,Natta 2006,0.3548134,,,140,,,,2.19E-16,,,,,,,7.94E-05,,,,,,,,,,,,4.90E-09,upper limit
ISO-Oph 154,Natta 2006,0.4073803,,2.51,140,,,,1.05E-16,,,,,,,4.79E-05,,,,,,,,,,,,2.24E-09,upper limit
ISO-Oph 155,Gatti 2006,1.0000000,,2.63,140,,,,1.21E-14,,,,,,,,,,,,,,,,,,,5.25E-09,
ISO-Oph 155,Natta 2006,0.8128305,,3.23,140,,,,3.72E-14,,,,,,,5.50E-04,,,,,,,,,,,,4.07E-08,
ISO-Oph 156,Natta 2006,0.1737801,,,140,,,,3.87E-15,,,,,,,5.37E-06,,,,,,,,,,,,1.95E-10,upper limit
ISO-Oph 157,Natta 2006,0.1096478,,,140,,,,2.58E-15,,,,,,,2.88E-06,,,,,,,,,,,,2.88E-09,upper limit
ISO-Oph 161,Natta 2006,0.6025596,,,140,,,,,,,,,,,8.71E-05,,,,,,,,,,,,6.76E-08,upper limit
ISO-Oph 163,Gatti 2006,0.6000000,,2.23,140,,,,2.91E-14,,2.32E-14,,,,,,,,,,,,,,,,,1.29E-08,
ISO-Oph 163,Natta 2006,0.5623413,,2.88,140,,,,1.77E-14,,,,,,,1.58E-04,,,,,,,,,,,,9.55E-09,
2MASS J16273863-2438391,Natta 2006,0.0676083,,0.97,140,,,,1.23E-15,,,,,,,2.51E-06,,,,,,,,,,,,9.77E-11,
ISO-Oph 165,Manara 2015,0.4000000,,0.5,140,2.60E-13,,,5.00E-15,,,,,,,,,,,,,,,,,,,4.57E-11,
ISO-Oph 166,Gatti 2006,0.6000000,,2.43,140,,,,2.67E-14,,,,,,,,,,,,,,,,,,,6.46E-09,
ISO-Oph 166,Natta 2006,0.5623413,,2.91,140,,,,5.17E-14,,,,,,,2.63E-04,,,,,,,,,,,,1.86E-08,
ISO-Oph 168,Natta 2006,0.6025596,,2.91,140,,,,1.72E-13,,,,,,,1.10E-04,,,,,,,,,,,,5.50E-09,
ISO-Oph 169a,Natta 2006,0.2691535,,,140,,,,,,,,,,,,,,,,,,,,,,,,
ISO-Oph 169b,Natta 2006,0.1412538,,,140,,,,5.40E-16,,,,,,,8.71E-06,,,,,,,,,,,,4.17E-10,upper limit
ISO-Oph 171,Natta 2006,,,1.88,140,,,,,,,,,,,,,,,,,,,,,,,,
ISO-Oph 172,Natta 2006,0.1905461,,1.84,140,,,,1.58E-15,,,,,,,1.51E-05,,,,,,,,,,,,7.59E-10,upper limit
ISO-Oph 176,Natta 2006,0.0891251,,1.17,140,,,,4.60E-16,,,,,,,2.40E-06,,,,,,,,,,,,8.32E-11,upper limit
ISO-Oph 177,Natta 2006,0.1905461,,1.86,140,,,,6.28E-17,,,,,,,6.17E-06,,,,,,,,,,,,2.19E-10,upper limit
ISO-Oph 178,Natta 2006,0.1698244,,1.73,140,,,,4.84E-15,,,,,,,2.51E-05,,,,,,,,,,,,1.66E-09,
ISO-Oph 179,Natta 2006,0.1288250,,,140,,,,6.34E-16,,,,,,,4.27E-06,,,,,,,,,,,,3.80E-09,upper limit
ISO-Oph 180,Natta 2006,,,,140,,,,,,,,,,,,,,,,,,,,,,,,
ISO-Oph 181,Natta 2006,,,,140,,,,,,,,,,,,,,,,,,,,,,,,
ISO-Oph 183,Natta 2006,0.3019952,,,140,,,,5.28E-16,,,,,,,2.19E-05,,,,,,,,,,,,9.33E-10,upper limit
ISO-Oph 185,Natta 2006,0.1071519,,1.36,140,,,,3.83E-16,,,,,,,1.26E-06,,,,,,,,,,,,3.31E-11,upper limit
ISO-Oph 186,Natta 2006,0.1071519,,,140,,,,5.46E-15,,,,,,,9.33E-06,,,,,,,,,,,,5.13E-10,upper limit
ISO-Oph 187,Natta 2006,0.2398833,,2.04,140,,,,1.54E-13,,,,,,,1.23E-04,,,,,,,,,,,,1.12E-08,
ISO-Oph 189,Natta 2006,0.1380384,,,140,,,,3.36E-16,,,,,,,1.38E-05,,,,,,,,,,,,7.94E-10,upper limit
ISO-Oph 190,Natta 2006,,,0.91,140,,,,3.37E-17,,,,,,,,,,,,,,,,,,,,
ISO-Oph 192,Natta 2006,0.0912011,,,140,,,,1.25E-16,,,,,,,1.02E-05,,,,,,,,,,,,5.89E-10,upper limit
ISO-Oph 193,Manara 2015,0.1100000,,1,140,4.37E-13,,,1.60E-14,1.00E-14,,,,,,,,,,,,,,,,,,5.01E-10,
ISO-Oph 193,Natta 2006,0.0891251,,1.17,140,,,,2.03E-15,,,,,,,8.51E-06,,,,,,,,,,,,4.79E-10,
ISO-Oph 194,Natta 2006,0.1698244,,1.75,140,,,,1.81E-15,,,,,,,6.46E-06,,,,,,,,,,,,2.51E-10,upper limit
ISO-Oph 195,Natta 2006,0.3890451,,2.42,140,,,,1.01E-14,,,,,,,3.63E-05,,,,,,,,,,,,1.62E-09,
ISO-Oph 196,Natta 2006,0.1905461,,1.86,140,,,,3.01E-14,,,,,,,4.90E-05,,,,,,,,,,,,3.72E-09,
ISO-Oph 197,Natta 2006,0.0794328,,,140,,,,5.83E-17,,,,,,,4.07E-06,,,,,,,,,,,,1.82E-10,upper limit
ISO-Oph 198,Natta 2006,1.1748976,,,140,,,,4.04E-14,,,,,,,9.55E-05,,,,,,,,,,,,3.02E-09,upper limit
ISO-Oph 199,Natta 2006,0.4168694,,2.48,140,,,,1.11E-13,,,,,,,8.71E-05,,,,,,,,,,,,4.90E-09,
2MASS J11095215-7639128,Muzerolle 2005,0.0800000,,0.64,140,,,,,,,,,,,,,,,,,,,,,,,1.00E-10,
2MASS J11104141-7720480,Muzerolle 2005,0.0800000,,0.62,140,2.94E-15,,,,,,,,,,,,,,,,,,,,,,1.00E-10,
2MASS J06443291+0023546,Kalari 2015,1.7900000,,,140,6.66E-15,,,,,,,,,,,,,,,,,,,,,,1.20E-07,
2MASS J06443294+0010528,Kalari 2015,1.8300000,,,140,1.30E-14,,,,,,,,,,,,,,,,,,,,,,5.75E-07,
2MASS J06443541+0019093,Kalari 2015,1.5700000,,,140,8.27E-06,,,,,,,,,,,,,,,,,,,,,,1.17E-08,
2MASS J06443682+0016186,Kalari 2015,1.6000000,,,140,2.44E-15,,,,,,,,,,,,,,,,,,,,,,3.16E-08,
2MASS J06443788+0021509,Kalari 2015,1.7900000,,,140,1.52E-15,,,,,,,,,,,,,,,,,,,,,,1.41E-08,
2MASS J06443827+0019229,Kalari 2015,1.2600000,,,140,3.10E-15,,,,,,,,,,,,,,,,,,,,,,1.26E-08,
2MASS J06444496+0019335,Kalari 2015,1.7500000,,,140,1.98E-15,,,,,,,,,,,,,,,,,,,,,,2.04E-08,
[CRA2011] D25 J06444602+0019182,Kalari 2015,1.5700000,,,140,2.40E-16,,,,,,,,,,,,,,,,,,,,,,1.10E-07,
[CRA2011] D25 J06444714+0013320,Kalari 2015,0.9100000,,,140,1.46E-15,,,,,,,,,,,,,,,,,,,,,,2.45E-08,
2MASS J06444936+0020245,Kalari 2015,1.3600000,,,140,1.74E-15,,,,,,,,,,,,,,,,,,,,,,1.12E-08,
2MASS J06445577+0013168,Kalari 2015,2.0800000,,,140,,,,,,,,,,,,,,,,,,,,,,,6.31E-08,
2MASS J06445837+0014151,Kalari 2015,2.0000000,,,140,,,,,,,,,,,,,,,,,,,,,,,1.62E-07,
2MASS J06450075+0013356,Kalari 2015,1.0500000,,,140,4.56E-16,,,,,,,,,,,,,,,,,,,,,,2.45E-08,
2MASS J06450208+0019443,Kalari 2015,1.7500000,,,140,1.86E-14,,,,,,,,,,,,,,,,,,,,,,1.51E-07,
2MASS J06450274+0018077,Kalari 2015,1.3000000,,,140,2.09E-15,,,,,,,,,,,,,,,,,,,,,,4.37E-08,
2MASS J06450681+0013535,Kalari 2015,2.1600000,,,140,1.59E-15,,,,,,,,,,,,,,,,,,,,,,8.51E-09,
2MASS J06450971+0014121,Kalari 2015,2.6200000,,,140,2.41E-14,,,,,,,,,,,,,,,,,,,,,,2.19E-07,
2MASS J06451318+0018307,Kalari 2015,1.1500000,,,140,1.51E-15,,,,,,,,,,,,,,,,,,,,,,2.00E-08,
2MASS J06451616+0022238,Kalari 2015,1.2300000,,,140,2.42E-16,,,,,,,,,,,,,,,,,,,,,,3.47E-09,
2MASS J06451701+0022077,Kalari 2015,2.0000000,,,140,2.28E-15,,,,,,,,,,,,,,,,,,,,,,3.55E-08,
2MASS J06451727+0023454,Kalari 2015,1.5700000,,,140,2.88E-15,,,,,,,,,,,,,,,,,,,,,,4.68E-08,
2MASS J06451841+0022189,Kalari 2015,1.1200000,,,140,5.15E-16,,,,,,,,,,,,,,,,,,,,,,2.09E-09,
2MASS J06452454+0022448,Kalari 2015,1.6600000,,,140,9.85E-16,,,,,,,,,,,,,,,,,,,,,,4.47E-08,
2MASS J06452774+0015514,Kalari 2015,0.5600000,,,140,4.26E-16,,,,,,,,,,,,,,,,,,,,,,2.19E-08,
2MASS J04174955+2813318,Mohanty 2005,0.1600000,,,140,,,,,,,,,,,,,,,,,,,,,,,3.16E-11,upper limit
2MASS J04174955+2813318,Mohanty 2005,0.1600000,,,140,,,,,,,,,,,,,,,,,,,,,,,2.00E-11,upper limit
2MASS J04183030+2743208,Mohanty 2005,0.1300000,,,140,,,,,,,,,,,,,,,,,,,,,,,2.51E-11,upper limit
2MASS J04183030+2743208,Mohanty 2005,0.1300000,,,140,,,,,,,,,,,,,,,,,,,,,,,1.58E-11,upper limit
2MASS J04330781+2616066,Muzerolle 2005,0.1000000,,1.2,140,,,,,,,,,,,,,,,,,,,,,,,1.00E-12,upper limit
2MASS J04262939+2624137,Mohanty 2005,0.0800000,,,140,,,,,,,,,,,,,,,,,,,,,,,1.26E-10,
2MASS J04262939+2624137,Mohanty 2005,0.0800000,,,140,,,,,,,,,,,,,,,,,,,,,,,6.31E-11,
2MASS J04262939+2624137,Muzerolle 2005,0.0800000,,0.53,140,,,,,,,,,,,,,,,,,,,,,,,1.00E-10,
2MASS J19013357-3700304,Mohanty 2005,0.0800000,,,140,,,,,,,,,,,,,,,,,,,,,,,3.16E-09,
2MASS J19013357-3700304,Mohanty 2005,0.0800000,,,140,,,,,,,,,,,,,,,,,,,,,,,1.00E-09,
Lup604s,Alcala 2017,0.1300000,,0.83,140,,,,,,,,,,,,,,,,,,,,,,,5.01E-11,
[LEM2005] Lup 607,Alcala 2017,0.1000000,,1.03,140,#N/A,#N/A,#N/A,#N/A,#N/A,#N/A,#N/A,#N/A,#N/A,#N/A,,,,,,,,,,,,,5.01E-12,upper limit
Lup713,Alcala 2017,0.1100000,,0.52,140,,,,,,,,,,,,,,,,,,,,,,,6.31E-11,
Lup818s,Alcala 2017,0.1000000,,0.58,140,,,,,,,,,,,,,,,,,,,,,,,2.00E-11,
MHO 5,Mohanty 2005,0.1000000,,,140,,,,,,,,,,,,,,,,,,,,,,,2.00E-11,upper limit
MHO 5,Mohanty 2005,0.1000000,,,140,,,,,,,,,,,,,,,,,,,,,,,1.26E-11,upper limit
MHO 6,Muzerolle 2003,0.1300000,,1,140,,,,,,,,,,,,,,,,,,,,,,,5.01E-11,
MY Lup,Alcala 2017,1.0200000,,1.13,140,6.04E-14,,,6.11E-14,5.48E-15,1.74E-14,,,1.01E-13,8.47E-14,,,,,,,,,,,,,2.24E-10,upper limit
Par-Lup3-3,Alcala 2017,0.2600000,,1.59,140,,,,,,,,,,,,,,,,,,,,,,,3.09E-10,
THA 15-35,Alcala 2017,0.1600000,,0.17,140,,,,,,,,,,,,,,,,,,,,,,,3.16E-12,
RXJ1556.1-3655,Alcala 2017,0.4600000,,1.17,140,2.97E-12,8.94E-13,7.03E-13,1.64E-13,1.16E-13,1.47E-14,7.20E-14,2.65E-14,2.05E-13,3.00E-13,,,,,,,,,,,,,1.29E-08,
RY Lup,Alcala 2017,1.4700000,,1.79,140,2.26E-12,3.41E-13,,2.30E-13,2.05E-13,5.05E-14,2.42E-14,,2.07E-13,1.22E-13,,,,,,,,,,,,,6.17E-09,
SO1009,Rigliaco 2011,0.1500000,,0.46,140,,,,,,,,,,,,,,,,,,,,,,,1.29E-09,
SO1036,Rigliaco 2011,0.7500000,,1.64,140,,,,,,,,,,,,,,,,,,,,,,,6.03E-10,upper limit
SO1050,Rigliaco 2011,0.2000000,,0.92,140,,,,,,,,,,,,,,,,,,,,,,,6.03E-11,upper limit
SO1057,Rigliaco 2011,0.1500000,,0.98,140,,,,,,,,,,,,,,,,,,,,,,,5.62E-11,upper limit
SO1059,Rigliaco 2011,0.0600000,,0.40,140,,,,,,,,,,,,,,,,,,,,,,,1.38E-11,upper limit
SO1075,Rigliaco 2011,0.1700000,,1.25,140,,,,,,,,,,,,,,,,,,,,,,,6.61E-09,lower limit
SO1156,Rigliaco 2011,1.0000000,,1.74,140,,,,,,,,,,,,,,,,,,,,,,,,
SO1182,Rigliaco 2011,0.2000000,,1.03,140,,,,,,,,,,,,,,,,,,,,,,,1.62E-10,
SO1193,Rigliaco 2011,0.1100000,,0.60,140,,,,,,,,,,,,,,,,,,,,,,,9.77E-11,
SO1230,Rigliaco 2011,0.2000000,,0.92,140,,,,,,,,,,,,,,,,,,,,,,,8.71E-11,
SO1260,Rigliaco 2011,0.3500000,,1.04,140,,,,,,,,,,,,,,,,,,,,,,,2.51E-09,
SO1260,Rigliaco 2012,0.2600000,,1.12,140,1.43E-13,2.58E-14,1.62E-14,1.33E-14,9.39E-15,,2.25E-15,,,,,,,,,,,,,,,,1.07E-09,
SO1266,Rigliaco 2011,0.1600000,,0.92,140,,,,,,,,,,,,,,,,,,,,,,,8.13E-11,
SO1266,Rigliaco 2012,0.2000000,,0.84,140,3.96E-15,9.37E-16,4.37E-16,,,,1.07E-16,,,,,,,,,,,,,,,,4.17E-12,upper limit
SO1268,Rigliaco 2011,0.0900000,,0.56,140,,,,,,,,,,,,,,,,,,,,,,,8.71E-12,upper limit
SO1274,Rigliaco 2011,0.7000000,,2.06,140,,,,,,,,,,,,,,,,,,,,,,,8.51E-10,lower limit
SO1323,Rigliaco 2011,0.2000000,,0.86,140,,,,,,,,,,,,,,,,,,,,,,,5.62E-11,upper limit
SO1327,Rigliaco 2011,0.3000000,,1.37,140,,,,,,,,,,,,,,,,,,,,,,,4.07E-10,
SO1361,Rigliaco 2011,0.5500000,,1.99,140,,,,,,,,,,,,,,,,,,,,,,,2.24E-09,lower limit
SO1362,Rigliaco 2011,0.1500000,,1.04,140,,,,,,,,,,,,,,,,,,,,,,,2.45E-10,
SO299,Rigliaco 2011,0.3500000,,1.08,140,,,,,,,,,,,,,,,,,,,,,,,1.51E-10,
SO341,Rigliaco 2011,0.6000000,,1.61,140,,,,,,,,,,,,,,,,,,,,,,,4.79E-10,upper limit
SO397,Rigliaco 2011,0.3000000,,1.30,140,,,,,,,,,,,,,,,,,,,,,,,3.31E-10,
SO397,Rigliaco 2012,0.2000000,,1.45,140,4.25E-14,7.74E-15,4.78E-15,2.08E-15,3.64E-15,,1.17E-15,,,,,,,,,,,,,,,,3.80E-10,
SO435,Rigliaco 2011,0.2000000,,0.98,140,,,,,,,,,,,,,,,,,,,,,,,8.51E-11,upper limit
SO444,Rigliaco 2011,0.3500000,,1.16,140,,,,,,,,,,,,,,,,,,,,,,,1.66E-10,upper limit
SO462,Rigliaco 2011,0.2000000,,1.26,140,,,,,,,,,,,,,,,,,,,,,,,2.14E-10,
SO482,Rigliaco 2011,0.2000000,,0.73,140,,,,,,,,,,,,,,,,,,,,,,,1.23E-10,
SO485,Rigliaco 2011,0.2500000,,0.61,140,,,,,,,,,,,,,,,,,,,,,,,4.27E-10,
SO490,Rigliaco 2011,0.1500000,,0.92,140,,,,,,,,,,,,,,,,,,,,,,,4.79E-10,
SO490,Rigliaco 2012,0.1400000,,1.02,140,1.56E-14,2.92E-15,1.99E-15,4.55E-16,1.16E-15,,4.13E-16,,,,,,,,,,,,,,,,1.07E-10,
SO500,Rigliaco 2011,0.1000000,,0.52,140,,,,,,,,,,,,,,,,,,,,,,,1.20E-10,
SO500,Rigliaco 2012,0.0800000,,0.47,140,7.47E-15,8.71E-16,3.53E-16,5.19E-16,3.61E-16,,3.65E-17,,,,,,,,,,,,,,,,5.37E-11,
SO514,Rigliaco 2011,0.1300000,,0.70,140,,,,,,,,,,,,,,,,,,,,,,,2.75E-11,upper limit
SO518,Rigliaco 2011,1.0000000,,1.34,140,,,,,,,,,,,,,,,,,,,,,,,,
SO520,Rigliaco 2011,0.3000000,,1.19,140,,,,,,,,,,,,,,,,,,,,,,,1.51E-10,upper limit
SO537,Rigliaco 2011,0.0700000,,0.52,140,,,,,,,,,,,,,,,,,,,,,,,1.48E-11,upper limit
SO540,Rigliaco 2011,1.0000000,,1.37,140,,,,,,,,,,,,,,,,,,,,,,,,
SO562,Rigliaco 2011,0.4000000,,1.36,140,,,,,,,,,,,,,,,,,,,,,,,2.19E-09,
SO563,Rigliaco 2011,0.4000000,,2.19,140,,,,,,,,,,,,,,,,,,,,,,,1.12E-09,
SO583,Rigliaco 2011,0.7500000,,3.18,140,,,,,,,,,,,,,,,,,,,,,,,,
SO587,Rigliaco 2011,0.3000000,,1.59,140,,,,,,,,,,,,,,,,,,,,,,,3.55E-10,upper limit
SO587,Rigliaco 2012,0.2000000,,1.73,140,2.84E-14,5.98E-15,2.88E-15,4.60E-16,2.90E-16,,5.84E-16,,,,,,,,,,,,,,,,3.89E-11,upper limit
SO598,Rigliaco 2011,0.2000000,,1.08,140,,,,,,,,,,,,,,,,,,,,,,,1.78E-10,
SO615,Rigliaco 2011,0.6000000,,2.27,140,,,,,,,,,,,,,,,,,,,,,,,,
SO638,Rigliaco 2011,1.0000000,,1.49,140,,,,,,,,,,,,,,,,,,,,,,,,
SO646,Rigliaco 2011,0.3000000,,1.06,140,,,,,,,,,,,,,,,,,,,,,,,1.29E-09,
SO646,Rigliaco 2012,0.3000000,,0.97,140,2.32E-14,3.54E-15,2.67E-15,2.87E-15,2.26E-15,,1.14E-15,,,,,,,,,,,,,,,,2.09E-10,
SO657,Rigliaco 2011,0.0600000,,0.56,140,,,,,,,,,,,,,,,,,,,,,,,1.23E-11,upper limit
SO662,Rigliaco 2011,0.9000000,,1.41,140,,,,,,,,,,,,,,,,,,,,,,,5.50E-10,upper limit
SO663,Rigliaco 2011,0.2000000,,1.22,140,,,,,,,,,,,,,,,,,,,,,,,1.51E-10,upper limit
SO674,Rigliaco 2011,0.3000000,,1.15,140,,,,,,,,,,,,,,,,,,,,,,,1.32E-10,upper limit
SO697,Rigliaco 2011,0.6000000,,2.16,140,,,,,,,,,,,,,,,,,,,,,,,1.74E-09,
SO700,Rigliaco 2011,0.0800000,,0.37,140,,,,,,,,,,,,,,,,,,,,,,,7.76E-12,upper limit
SO710,Rigliaco 2011,0.5000000,,1.49,140,,,,,,,,,,,,,,,,,,,,,,,6.46E-10,
SO728,Rigliaco 2011,0.2000000,,1.74,140,,,,,,,,,,,,,,,,,,,,,,,2.95E-10,upper limit
SO736,Rigliaco 2011,0.8000000,,3.21,140,,,,,,,,,,,,,,,,,,,,,,,1.00E+00,
SO738,Rigliaco 2011,0.1100000,,0.60,140,,,,,,,,,,,,,,,,,,,,,,,2.00E-11,upper limit
SO739,Rigliaco 2011,0.1000000,,0.74,140,,,,,,,,,,,,,,,,,,,,,,,2.88E-11,upper limit
SO750,Rigliaco 2011,0.0900000,,0.64,140,,,,,,,,,,,,,,,,,,,,,,,9.33E-11,
SO759,Rigliaco 2011,0.3000000,,1.34,140,,,,,,,,,,,,,,,,,,,,,,,2.14E-10,upper limit
SO762,Rigliaco 2011,0.1300000,,0.78,140,,,,,,,,,,,,,,,,,,,,,,,3.63E-11,upper limit
SO774,Rigliaco 2011,1.0000000,,1.43,140,,,,,,,,,,,,,,,,,,,,,,,6.76E-10,upper limit
SO818,Rigliaco 2011,0.7000000,,1.12,140,,,,,,,,,,,,,,,,,,,,,,,3.55E-10,
SO827,Rigliaco 2011,0.3500000,,0.71,140,,,,,,,,,,,,,,,,,,,,,,,1.51E-10,
SO844,Rigliaco 2011,0.6000000,,1.67,140,,,,,,,,,,,,,,,,,,,,,,,1.12E-09,
SO848,Rigliaco 2011,0.2000000,,0.53,140,,,,,,,,,,,,,,,,,,,,,,,1.38E-10,
SO848,Rigliaco 2012,0.1900000,,0.46,140,1.79E-14,4.03E-15,1.80E-15,6.91E-16,5.01E-16,,3.93E-16,,,,,,,,,,,,,,,,4.07E-11,
SO859,Rigliaco 2011,0.3500000,,1.19,140,,,,,,,,,,,,,,,,,,,,,,,2.45E-10,
SO865,Rigliaco 2011,0.3500000,,1.04,140,,,,,,,,,,,,,,,,,,,,,,,3.16E-10,
SO866,Rigliaco 2011,0.2000000,,0.73,140,,,,,,,,,,,,,,,,,,,,,,,7.59E-11,
SO897,Rigliaco 2011,0.8000000,,1.73,140,,,,,,,,,,,,,,,,,,,,,,,7.41E-10,lower limit
SO905,Rigliaco 2011,0.6000000,,1.53,140,,,,,,,,,,,,,,,,,,,,,,,4.17E-10,
SO908,Rigliaco 2011,0.2000000,,1.03,140,,,,,,,,,,,,,,,,,,,,,,,4.27E-10,
SO917,Rigliaco 2011,0.2000000,,0.53,140,,,,,,,,,,,,,,,,,,,,,,,1.95E-11,upper limit
SO927,Rigliaco 2011,0.7000000,,1.31,140,,,,,,,,,,,,,,,,,,,,,,,2.95E-10,upper limit
SO936,Rigliaco 2011,0.0800000,,0.40,140,,,,,,,,,,,,,,,,,,,,,,,6.46E-12,upper limit
SO967,Rigliaco 2011,0.2500000,,0.87,140,,,,,,,,,,,,,,,,,,,,,,,5.62E-11,upper limit
SO981,Rigliaco 2011,1.3000000,,2.05,140,,,,,,,,,,,,,,,,,,,,,,,,
SO984,Rigliaco 2011,0.9000000,,1.68,140,,,,,,,,,,,,,,,,,,,,,,,5.75E-10,upper limit
2MASS J16115979-3823383,Alcala 2017,0.1500000,,0.85,140,,,,,,,,,,,,,,,,,,,,,,,6.31E-11,
2MASS J16090141-3925119,Alcala 2017,0.2400000,,1.25,140,,,,,,,,,,,,,,,,,,,,,,,2.09E-10,
2MASS J15450887-3417333,Alcala 2017,0.1400000,,0.85,140,6.11E-13,9.52E-14,4.62E-14,4.89E-14,3.29E-14,1.64E-14,7.42E-15,3.41E-15,1.09E-13,8.26E-14,,,,,,,,,,,,,3.89E-09,
SSTc2dJ154518.5-342125,Alcala 2017,0.1000000,,0.78,140,5.42E-14,4.78E-15,1.90E-15,8.00E-16,1.20E-15,6.60E-16,5.56E-16,2.25E-16,8.13E-16,8.39E-16,,,,,,,,,,,,,1.58E-11,
SSTc2dJ155925.2-423507,Alcala 2017,0.1200000,,0.48,140,4.28E-15,9.92E-16,6.20E-16,4.80E-16,3.00E-16,2.88E-16,9.62E-17,2.24E-16,4.42E-16,3.62E-16,,,,,,,,,,,,,6.31E-12,
SSTc2dJ160000.6-422158,Alcala 2017,0.1900000,,0.96,140,1.96E-14,6.43E-15,4.16E-15,3.70E-15,4.85E-15,1.50E-15,1.05E-15,7.18E-16,2.33E-15,2.62E-15,,,,,,,,,,,,,1.62E-10,
SSTc2dJ160002.4-422216,Alcala 2017,0.2400000,,1.2,140,1.09E-13,2.64E-14,2.28E-14,5.73E-15,1.30E-14,3.86E-15,4.78E-15,3.00E-15,1.50E-14,1.62E-14,,,,,,,,,,,,,2.04E-10,
SSTc2dJ160026.1-415356,Alcala 2017,0.1400000,,0.91,140,2.41E-14,8.05E-15,5.97E-15,3.34E-15,3.71E-15,1.43E-15,1.87E-15,8.86E-16,3.55E-15,3.40E-15,,,,,,,,,,,,,1.32E-10,
SSTc2dJ160703.9-391112,Alcala 2017,0.1700000,,0.23,140,6.77E-16,1.38E-16,6.56E-17,1.17E-16,9.11E-17,9.57E-17,3.15E-17,4.74E-17,5.72E-17,5.31E-17,,,,,,,,,,,,,3.16E-13,
SSTc2dJ160830.7-382827,Alcala 2017,1.8100000,,2.41,140,,,,,,,,,,,,,,,,,,,,,,,8.51E-10,upper limit
SSTc2dJ160836.2-392302,Alcala 2017,0.4700000,,2.63,140,1.86E-12,3.92E-13,1.82E-13,,,1.79E-14,,,,,,,,,,,,,,,,,1.91E-08,
SSTc2dJ160927.0-383628,Alcala 2017,0.2000000,,1.1,140,3.39E-13,2.07E-13,1.73E-13,,,3.01E-15,,,,,,,,,,,,,,,,,1.12E-08,
SSTc2dJ161018.6-383613,Alcala 2017,0.1500000,,0.84,140,9.93E-15,2.53E-15,1.77E-15,,,,,,,,,,,,,,,,,,,,3.98E-11,
SSTc2dJ161019.8-383607,Alcala 2017,0.1000000,,1.03,140,2.77E-15,7.70E-16,3.92E-16,,,,,,,,,,,,,,,,,,,,5.01E-11,
SSTc2dJ161029.6-392215,Alcala 2017,0.2200000,,1.29,140,1.96E-14,4.50E-15,2.76E-15,,,,,,,,,,,,,,,,,,,,1.51E-10,
SSTc2dJ161243.8-381503,Alcala 2017,0.4700000,,1.91,140,4.70E-13,9.35E-14,5.40E-14,,,,,,,,,,,,,,,,,,,,1.66E-09,
SSTc2dJ161344.1-373646,Alcala 2017,0.1600000,,0.9,140,1.67E-13,4.03E-14,3.14E-14,,,1.21E-15,,,,,,,,,,,,,,,,,1.15E-09,
Sz100,Alcala 2017,0.1800000,,1.43,140,,,,,,,,,,,,,,,,,,,,,,,3.24E-10,
Sz103,Alcala 2017,0.2500000,,1.41,140,,,,,,,,,,,,,,,,,,,,,,,9.12E-10,
Sz104,Alcala 2017,0.1800000,,1.11,140,,,,,,,,,,,,,,,,,,,,,,,1.58E-10,
Sz106,Alcala 2017,0.5100000,,0.72,140,,,,,,,,,,,,,,,,,,,,,,,1.82E-10,
Sz108B,Alcala 2017,0.1900000,,1.33,140,1.30E-13,1.30E-14,6.97E-15,3.26E-15,4.30E-15,1.23E-15,2.58E-15,9.41E-16,3.26E-15,5.47E-15,,,,,,,,,,,,,3.55E-10,
Sz110,Alcala 2017,0.2600000,,1.61,140,,,,,,,,,,,,,,,,,,,,,,,2.51E-09,
Sz111,Alcala 2017,0.4600000,,1.4,140,,,,,,,,,,,,,,,,,,,,,,,7.76E-10,
Sz112,Alcala 2017,0.2000000,,1.52,140,,,,,,,,,,,,,,,,,,,,,,,1.95E-10,
Sz113,Alcala 2017,0.1900000,,0.83,140,,,,,,,,,,,,,,,,,,,,,,,1.41E-09,
Sz114,Alcala 2017,0.2300000,,1.82,140,,,,,,,,,,,,,,,,,,,,,,,1.02E-09,
Sz115,Alcala 2017,0.2200000,,1.36,140,,,,,,,,,,,,,,,,,,,,,,,5.01E-10,
Sz117,Alcala 2017,0.2900000,,2,140,1.71E-13,4.36E-14,3.16E-14,6.86E-15,1.14E-14,2.72E-15,5.48E-15,1.64E-15,1.28E-14,1.54E-14,,,,,,,,,,,,,2.24E-09,
Sz118,Alcala 2017,1.0900000,,1.82,140,5.98E-13,1.97E-13,1.55E-13,5.27E-14,8.69E-14,8.62E-15,4.32E-14,7.23E-15,1.18E-13,1.15E-13,,,,,,,,,,,,,1.07E-09,
Sz123A,Alcala 2017,0.4600000,,1.1,140,,,,,,,,,,,,,,,,,,,,,,,1.55E-09,
Sz123B,Alcala 2017,0.3400000,,0.58,140,,,,,,,,,,,,,,,,,,,,,,,1.38E-10,
Sz129,Alcala 2017,0.8000000,,1.23,140,1.13E-12,5.07E-13,4.14E-13,6.14E-14,1.10E-13,1.62E-14,7.06E-14,2.33E-14,1.54E-13,2.02E-13,,,,,,,,,,,,,3.89E-09,
Sz130,Alcala 2017,0.3700000,,1.03,140,,,,,,,,,,,,,,,,,,,,,,,7.08E-10,
Sz131,Alcala 2017,0.3000000,,1.04,140,1.02E-13,2.68E-14,2.17E-14,3.01E-15,9.02E-15,2.74E-15,4.39E-15,2.04E-15,1.00E-14,1.41E-14,,,,,,,,,,,,,5.62E-10,
Sz65,Alcala 2017,0.7600000,,1.84,140,2.55E-13,2.87E-14,,1.38E-14,7.58E-15,8.23E-15,5.12E-15,,6.34E-14,5.31E-14,,,,,,,,,,,,,2.45E-10,upper limit
Sz66,Alcala 2017,0.3100000,,1.29,140,,,,,,,,,,,,,,,,,,,,,,,2.69E-09,
Sz68,Alcala 2017,2.1300000,,3.14,140,5.06E-12,,,4.72E-13,2.82E-13,6.78E-14,7.97E-14,,5.26E-13,3.82E-13,,,,,,,,,,,,,3.80E-09,upper limit
Sz69,Alcala 2017,0.1900000,,0.97,140,,,,,,,,,,,,,,,,,,,,,,,3.31E-10,
Sz71,Alcala 2017,0.4200000,,1.43,140,,,,,,,,,,,,,,,,,,,,,,,8.71E-10,
Sz72,Alcala 2017,0.3800000,,1.29,140,,,,,,,,,,,,,,,,,,,,,,,2.19E-09,
Sz73,Alcala 2017,0.8200000,,1.35,140,,,,,,,,,,,,,,,,,,,,,,,6.61E-09,
Sz74,Alcala 2017,0.2900000,,3.13,140,,,,,,,,,,,,,,,,,,,,,,,1.38E-08,
Sz75/GQ Lup,Alcala 2017,0.5100000,,2.26,140,9.66E-12,1.37E-12,7.48E-13,6.92E-13,4.31E-13,1.40E-13,2.23E-13,3.08E-14,9.01E-13,9.38E-13,,,,,,,,,,,,,1.91E-08,
Sz76,Alcala 2017,0.2500000,,1.24,140,1.56E-13,3.15E-14,1.62E-14,9.78E-15,1.12E-14,3.90E-15,2.62E-15,1.90E-15,1.32E-14,1.41E-14,,,,,,,,,,,,,5.01E-10,
Sz77,Alcala 2017,0.7900000,,1.5,140,4.13E-13,1.00E-13,6.93E-14,9.46E-14,1.48E-13,2.59E-14,1.17E-14,5.06E-15,6.20E-14,7.60E-14,,,,,,,,,,,,,1.55E-09,
Sz81A (SW),Alcala 2017,0.2300000,,1.54,140,3.31E-13,3.39E-14,1.32E-14,2.21E-14,1.65E-14,4.47E-15,1.82E-15,7.17E-16,1.45E-14,9.37E-15,,,,,,,,,,,,,8.51E-10,
Sz81B (NE),Alcala 2017,0.1500000,,1.18,140,3.40E-14,7.05E-15,4.16E-15,4.69E-15,1.34E-15,1.67E-15,9.45E-16,3.81E-16,4.98E-15,3.57E-15,,,,,,,,,,,,,2.00E-10,
Sz82/IM Lup,Alcala 2017,1.1000000,,2.69,140,1.49E-12,7.72E-13,2.38E-13,1.20E-13,2.35E-14,3.62E-14,5.79E-14,8.67E-14,3.35E-13,3.15E-13,,,,,,,,,,,,,7.94E-09,
Sz83,Alcala 2017,0.7500000,,2.39,140,,,,,,,,,,,,,,,,,,,,,,,6.46E-08,
Sz84,Alcala 2017,0.1800000,,1.21,140,,,,,,,,,,,,,,,,,,,,,,,5.37E-10,
Sz88A,Alcala 2017,0.5700000,,1.61,140,,,,,,,,,,,,,,,,,,,,,,,7.24E-09,
Sz88B,Alcala 2017,0.2000000,,1.12,140,,,,,,,,,,,,,,,,,,,,,,,1.82E-10,
Sz90,Alcala 2017,0.7900000,,1.64,140,6.01E-13,1.65E-13,9.79E-14,5.77E-14,6.59E-14,1.93E-14,1.78E-14,5.42E-15,8.55E-14,5.26E-14,,,,,,,,,,,,,2.09E-09,
Sz91,Alcala 2017,0.4700000,,1.36,140,,,,,,,,,,,,,,,,,,,,,,,1.86E-09,
Sz95,Alcala 2017,0.3300000,,1.84,140,3.51E-14,1.09E-14,6.87E-15,2.17E-15,1.24E-15,9.77E-16,1.77E-15,1.46E-15,1.21E-14,1.02E-14,,,,,,,,,,,,,7.08E-10,
Sz96,Alcala 2017,0.4600000,,2.02,140,1.63E-13,5.64E-14,4.45E-14,2.66E-14,5.98E-15,7.98E-15,7.55E-15,3.06E-15,4.70E-14,4.24E-14,,,,,,,,,,,,,8.91E-10,
Sz97,Alcala 2017,0.2500000,,1.34,140,,,,,,,,,,,,,,,,,,,,,,,2.75E-10,
Sz98,Alcala 2017,0.7400000,,3.2,140,4.24E-12,9.93E-13,5.31E-13,2.82E-13,3.33E-13,5.62E-14,1.08E-13,1.26E-14,4.85E-13,3.75E-13,,,,,,,,,,,,,5.50E-08,
Sz99,Alcala 2017,0.2200000,,0.89,140,,,,,,,,,,,,,,,,,,,,,,,4.07E-10,
T23,Muzerolle 2005,0.1800000,,1.2,140,,,,,,,,,,,,,,,,,,,,,,,,
T3E,Muzerolle 2005,0.3500000,,,140,,,,,,,,,,,,,,,,,,,,,,,,
T3W,Muzerolle 2005,0.7300000,,1.2,140,,,,,,,,,,,,,,,,,,,,,,,,
TWHya,Herczeg 2009,0.7700000,,0.83,140,5.50E-11,4.68E-12,1.82E-12,,,,4.17E-13,1.58E-13,5.37E-13,,,,,,,,,,,,,,7.94E-10,
UScoCTIO 112,Herczeg 2009,0.0900000,,0.37,140,3.89E-15,6.03E-16,1.86E-16,,,,6.31E-17,2.51E-17,1.95E-16,,,,,,,,,,,,,,6.31E-13,
UYAur,Gullbring 1998,0.4210000,,2.6,140,,,,,,,,,,,,,,,,,,,,,,,6.56E-08,
PDS 70 b,Haffert 2019,0.0100191,,,140,,,,,,,,,,,,,,,,,,,,,,,1.908E-011,
PDS 70 c,Haffert 2019,0.0041985,,,140,,,,,,,,,,,,,,,,,,,,,,,9.542E-012,
PDS 70 b ,Wagner 2018,0.0066794,,,140,,,,,,,,,,,,,,,,,,,,,,,1.904E-012,
DH Tau b,Zhou 2014,0.0104962,,,140,,,,,,,,,,,,,,,,,,,,,,,3.162E-012,
DH Tau b,Zhou 2014,0.0104962,,,140,,,,,,,,,,,,,,,,,,,,,,,5.011E-012,
Lk Ca 15b,Sallum 2015,0.0047710,,,140,,,,,,,,,,,,,,,,,,,,,,,5.725E-010,
PDS 70 b ,Aoyama 2019,0.0114504,,,140,,,,,,,,,,,,,,,,,,,,,,,3.817E-011,
PDS 70 c,Aoyama 2019,0.0095420,,,140,,,,,,,,,,,,,,,,,,,,,,,9.542E-012,